{"ogc_fid":[2208,2226,2223,2280,2272,9449,2210,2222,2282,11684,2209,2211,2212,2221,2224,2227,2229,2275,2277,2279,8196,8854,10177,12697,2283,6765,2228,2213,2274,2278,2220,2225,2276,2281,3046,6325,8852],"height":[16.15000000000,14.26000000000,14.51000000000,14.33000000000,14.66000000000,9.67000000000,15.98000000000,14.56000000000,14.70000000000,10.01000000000,16.37000000000,16.35000000000,15.56000000000,14.49000000000,14.90000000000,14.35000000000,14.55000000000,14.43000000000,14.65000000000,14.49000000000,14.34000000000,11.54000000000,9.92000000000,9.74000000000,14.96000000000,9.86000000000,14.25000000000,15.97000000000,14.42000000000,14.85000000000,14.71000000000,14.39000000000,14.43000000000,14.61000000000,14.23000000000,10.06000000000,11.33000000000]}     